{"numpy:dot": [0.36673617362976074, 1.5700018405914307], "numpy:eig": [0.7036738395690918, 4.8242528438568115, 69.64776301383972], "numpy:svd": [1.6784331798553467, 9.866714715957642], "scipy:cholesky": [0.012178897857666016, 0.3970060348510742, 0.6621599197387695], "scipy:eig": [1.0596749782562256, 4.444950103759766, 57.9217209815979], "scipy:svd": [0.9509420394897461, 8.428833961486816]}