{"numpy:dot": [0.11083078384399414, 0.3437650203704834], "numpy:eig": [0.26483893394470215, 1.243274450302124, 20.104663610458374], "numpy:svd": [0.17204642295837402, 2.1115353107452393], "scipy:cholesky": [0.0017657279968261719, 0.007468700408935547, 0.0939338207244873], "scipy:eig": [0.2739222049713135, 1.2458686828613281, 19.28014063835144], "scipy:svd": [0.18193387985229492, 1.9492814540863037]}